{
  "description": {
    "title": "Nós também mandamos emails.",
    "text": "Receba emails com as novidades da Moara que temos certeza que você vai amar, incluindo produtos, lançamentos e eventos. "
  },
  "stores": {
    "list": [
      {
        "title":"Moara Cassol Centerlar",
        "text": "1º piso<br>Av. Sertório, 8000<br>Sarandi - POA<br><br>51 3350 9555<br><br>Horário de funcionamento:<br>Segunda a sexta do 12h às 19h"        
      },
      {
        "title":"Moara Cassol Centerlar",
        "text": "1º piso<br>Av. Sertório, 8000<br>Sarandi - POA<br><br>51 3350 9555<br><br>Horário de funcionamento:<br>Segunda a sexta do 12h às 19h"        
      },
      {
        "title":"Moara Cassol Centerlar",
        "text": "1º piso<br>Av. Sertório, 8000<br>Sarandi - POA<br><br>51 3350 9555<br><br>Horário de funcionamento:<br>Segunda a sexta do 12h às 19h"        
      },
      {
        "title":"Moara Cassol Centerlar",
        "text": "1º piso<br>Av. Sertório, 8000<br>Sarandi - POA<br><br>51 3350 9555<br><br>Horário de funcionamento:<br>Segunda a sexta do 12h às 19h"        
      }
    ]
  },
  "links_1": {
    "list_pages": true,
    "title": "Sobre Moara",
    "list": []
  },
  "links_2": {
    "list_categories": true,
    "title": "Categorias",
    "list": []
  },
  "links_3": {
    "list_pages": true,
    "title": "Sobre Moara",
    "list": [
      {
        "text": "Política de Privacidade",
        "url": "/pages/como-comprar"
      },
      {
        "text": "Termos de Serviço",
        "url": "/pages/como-comprar"
      },
      {
        "text": "Termos de Uso",
        "url": "/pages/como-comprar"
      }
    ]
  },
  "contacts": {
    "title": "Fale com a gente!",
    "phone_wpp": true,
    "socials": true,
    "email": true,
    "address": true
  },
  "stamps": [
    {
      "src": "/img/uploads/ssl-safe.png",
      "alt": "Secure connection"
    }
  ],
  "payment_methods": {
    "bb": true,
    "visa": true,
    "boleto": true,
    "aura": false,
    "banrisul": false,
    "elo": true,
    "hipercard": false,
    "hsbc": false,
    "bradesco": true,
    "santander": false,
    "mastercard": true,
    "citibank": false,
    "mais": false,
    "itau": true
  },
  "credits": ""
}