{
  "meta_title": "",
  "meta_description": "",
  "sections": [
    {
      "type": "banner-slider",
      "autoplay": 9000,
      "slides": [
        {
          "start": "",
          "end": "",
          "img": "/img/uploads/banner-moara-desk-2.png",
          "mobile_img": "/img/uploads/banner-moara-2.png"
        },
        {
          "start": "",
          "end": "",
          "img": "/img/uploads/BN_10022021_(7).png",
          "mobile_img": "/img/uploads/c12.png"
        },
        {
          "start": "",
          "end": "",
          "img": "/img/uploads/banner-moara-beauty-desk.png",
          "mobile_img": "/img/uploads/banner-moara-beauty-mobile.png"
        }
      ]
    },
    {
      "type": "banner-slider",
      "autoplay": 9000,
      "slides": [
        {
          "start": "",
          "end": "",
          "img": "/img/uploads/__2.png"
        },
        {
          "start": "",
          "end": "",
          "img": "/img/uploads/__3.png"
        },
        {
          "start": "",
          "end": "",
          "img": "/img/uploads/banner-moara-make.png"
        }
      ]
    },
    {
      "type": "collection-shelf",
      "shuffle": true,
      "sort": "news",
      "title": "Queridinhos",
      "headless": false,
      "limit": 6
    },
    {
      "type": "collection-shelf",
      "shuffle": true,
      "sort": "news",
      "title": "Acabaram de chegar",
      "headless": false,
      "limit": 5
    },
    {
      "type": "custom-html",
      "html": "<div class='divider'><div class='container'><span>Moara é cuidado e amor próprio em cada detalhe</span></div></div>"
    },
    {
      "type": "banner-slider",
      "autoplay": 9000,
      "slides": [
        {
          "img": "/img/uploads/BN_10022021_(18).png",
          "mobile_img": "/img/uploads/BN_10022021_(12).png",
          "start": "",
          "end": ""
        }
      ]
    },
    {
      "type": "custom-html",
      "html": "<div class='instagram-block'><h4 class='products-carousel__title'> <span>Acompanhe as novidades</span> </h4> <div id='instafeed'> </div></div><script src='/assets/instafeed.min.js'></script>"
    },
    {
      "type": "banner-slider",
      "autoplay": 9000,
      "slides": [
        {
          "img": "/img/uploads/BN_10022021_(17).png",
          "mobile_img": "/img/uploads/BN_10022021_(16).png",
          "start": "",
          "end": ""
        },
        {
          "img": "/img/uploads/BN_10022021_(21).png",
          "mobile_img": "/img/uploads/BN_10022021_(13).png",
          "start": "",
          "end": ""
        },
        {
          "img": "/img/uploads/BN_10022021_(20).png",
          "mobile_img": "/img/uploads/BN_10022021_(14).png",
          "start": "",
          "end": ""
        },
        {
          "img": "/img/uploads/BN_10022021_(19).png",
          "mobile_img": "/img/uploads/BN_10022021_(15).png",
          "start": "",
          "end": ""
        }
      ]
    }
  ]
}