{
  "list": [
    {
      "item": {
        "title": "compre-tudo",
        "url": "/",
        "url_s": "/",
        "image_d": "/img/uploads/c4.png",
        "image_m": "/img/uploads/c16.png",
        "image_s_d": "/img/uploads/c3.png",
        "image_s_m": "/img/uploads/c3.png"
      }
    },
    {
      "item": {
        "title": "u_10009",
        "url": "/",
        "url_s": "/",
        "image_d": "/img/uploads/c1.png",
        "image_m": "/img/uploads/c15.png",
        "image_s_d": "/img/uploads/c6.png",
        "image_s_m": "/img/uploads/__3.png"
      }
    },
    {
      "item": {
        "title": "makeup",
        "url": "/",
        "url_s": "/",
        "image_d": "/img/uploads/c2.png",
        "image_m": "/img/uploads/c14.png",
        "image_s_d": "/img/uploads/grupo-de-ma-scara-101.png",
        "image_s_m": "/img/uploads/banner-moara-make.png"
      }
    },
    {
      "item": {
        "title": "brincos",
        "url": "/",
        "url_s": "/",
        "image_d": "/img/uploads/c7.png",
        "image_m": "/img/uploads/BN_10022021_(10).png",
        "image_s_d": "/img/uploads/c8.png",
        "image_s_m": "/img/uploads/__5.png"
      }
    },
    {
      "item": {
        "title": "1",
        "url": "/",
        "url_s": "/",
        "image_d": "/img/uploads/c4.png",
        "image_m": "/img/uploads/BN_10022021_(15).png",
        "image_s_d": "/img/uploads/c3.png",
        "image_s_m": "/img/uploads/__2.png"
      }
    },
    {
      "item": {
        "title": "petit-moara",
        "url": "/",
        "url_s": "/",
        "image_d": "/img/uploads/c9.png",
        "image_m": "/img/uploads/c17.png",
        "image_s_m": "/img/uploads/BN_10022021_(8).png",
        "image_s_d": "/img/uploads/BN_10022021 (22).png"
      }
    }
  ]
}