{
  "assetsByChunkName": {
    "vendors~app-account~app-confirmation~app-order": [
      "chunk.61c5b084c542124fc109.js",
      "chunk.61c5b084c542124fc109.js.map"
    ],
    "vendors~app-account~app-checkout": [
      "chunk.5811279ee4037958cd04.js",
      "chunk.5811279ee4037958cd04.js.map"
    ],
    "vendors~app-cart~app-checkout": [
      "chunk.ea46a1fec1442cd5857a.js",
      "chunk.ea46a1fec1442cd5857a.js.map"
    ],
    "admin": [
      "admin.e3e384f16b3b365fcb4f.js",
      "admin.e3e384f16b3b365fcb4f.js.map"
    ],
    "app-account": [
      "chunk.15c655a9e35aa8c5d41c.js",
      "chunk.15c655a9e35aa8c5d41c.js.map"
    ],
    "app-cart": [
      "chunk.31c13c7c8146f7690db1.js",
      "chunk.31c13c7c8146f7690db1.js.map"
    ],
    "app-checkout": [
      "chunk.f020979aeef5906537de.js",
      "chunk.f020979aeef5906537de.js.map"
    ],
    "app-confirmation": [
      "chunk.6b8aec3864d29cf25fbe.js",
      "chunk.6b8aec3864d29cf25fbe.js.map"
    ],
    "app-order": [
      "chunk.84e60cad6ccbdf78d142.js",
      "chunk.84e60cad6ccbdf78d142.js.map"
    ],
    "checkout": [
      "checkout.569421d061244a820680.js",
      "checkout.569421d061244a820680.js.map"
    ],
    "storefront": [
      "storefront.8933ac3a002b6bca8b28.css",
      "storefront.01df23e60d3fc69c56ae.js",
      "storefront.8933ac3a002b6bca8b28.css.map",
      "storefront.01df23e60d3fc69c56ae.js.map"
    ]
  }
}